{"nodes":null,"selection":null,"view":{"scroll":{"x":-99.0001602172851562,"y":-157.999969482421875},"zoom":0.75}}