{"nodes":{"node:1":{"location":{"x":10,"y":10}},"node:4":{"location":{"x":210,"y":60}}},"selection":null,"view":{"scroll":{"x":-107.712234497070312,"y":-98.4999847412109375},"zoom":0.5}}