{"nodes":{"node:1":{"location":{"x":10,"y":10}},"node:4":{"location":{"x":210,"y":60}}},"selection":null,"view":{"scroll":{"x":-25.4244270324707031,"y":-46.9999618530273438},"zoom":1}}